No.,Time,Source,Destination,Protocol,Length,Info,,,,,,,,,,Time 2,Time 1,,Delay ,,,Delay 2,Delay 1,,Jitter
1,0,192.168.1.6,74.125.130.91,UDP,1392,53017  >  443 Len=1350,,,,,,,,,,0.00019,0,,0.00019,,,0.000081,0.00019,,-0.000109
2,0.00019,192.168.1.6,74.125.130.91,UDP,314,53017  >  443 Len=272,,,,,,,,,,0.000271,0.00019,,0.000081,,,0.000048,0.000081,,-3.3E-05
3,0.000271,192.168.1.6,74.125.130.91,UDP,1392,53017  >  443 Len=1350,,,,,,,,,,0.000319,0.000271,,0.000048,,,0.000061,0.000048,,0.000013
4,0.000319,192.168.1.6,74.125.130.91,UDP,1392,53017  >  443 Len=1350,,,,,,,,,,0.00038,0.000319,,0.000061,,,0.00006,0.000061,,-1E-06
5,0.00038,192.168.1.6,74.125.130.91,UDP,1392,53017  >  443 Len=1350,,,,,,,,,,0.00044,0.00038,,0.00006,,,0.00006,0.00006,,0
6,0.00044,192.168.1.6,74.125.130.91,UDP,1392,53017  >  443 Len=1350,,,,,,,,,,0.0005,0.00044,,0.00006,,,0.000089,0.00006,,0.000029
7,0.0005,192.168.1.6,74.125.130.91,UDP,1392,53017  >  443 Len=1350,,,,,,,,,,0.000589,0.0005,,0.000089,,,0.000053,0.000089,,-0.000036
8,0.000589,192.168.1.6,74.125.130.91,UDP,1392,53017  >  443 Len=1350,,,,,,,,,,0.000642,0.000589,,0.000053,,,0.024323,0.000053,,0.02427
9,0.000642,192.168.1.6,74.125.130.91,UDP,202,53017  >  443 Len=160,,,,,,,,,,0.024965,0.000642,,0.024323,,,0.005731,0.024323,,-0.018592
10,0.024965,74.125.130.91,192.168.1.6,UDP,68,443  >  53017 Len=26,,,,,,,,,,0.030696,0.024965,,0.005731,,,0.002508,0.005731,,-0.003223
11,0.030696,74.125.130.91,192.168.1.6,UDP,68,443  >  53017 Len=26,,,,,,,,,,0.033204,0.030696,,0.002508,,,0,0.002508,,-0.002508
12,0.033204,74.125.130.91,192.168.1.6,UDP,520,443  >  53017 Len=478,,,,,,,,,,0.033204,0.033204,,0,,,0.005664,0,,0.005664
13,0.033204,74.125.130.91,192.168.1.6,UDP,228,443  >  53017 Len=186,,,,,,,,,,0.038868,0.033204,,0.005664,,,2.645,0.005664,,2.639336
14,0.038868,192.168.1.6,74.125.130.91,UDP,75,53017  >  443 Len=33,,,,,,,,,,2.683868,0.038868,,2.645,,,0.002619,2.645,,-2.642381
15,2.683868,fe80::3dfb:9bbe:e62a:b882,fe80::1,DNS,90,Standard query 0xcc41 A github.com,,,,,,,,,,2.686487,2.683868,,0.002619,,,0.002949,0.002619,,0.00033
16,2.686487,192.168.1.6,185.199.108.154,TCP,66,52351  >  443 [SYN] Seq=0 Win=64240 Len=0 MSS=1460 WS=256 SACK_PERM=1,,,,,,,,,,2.689436,2.686487,,0.002949,,,0.007306,0.002949,,0.004357
17,2.689436,fe80::1,fe80::3dfb:9bbe:e62a:b882,DNS,106,Standard query response 0xcc41 A github.com A 52.74.223.119,,,,,,,,,,2.696742,2.689436,,0.007306,,,0.000427,0.007306,,-0.006879
18,2.696742,192.168.1.6,52.74.223.119,TCP,66,52352  >  443 [SYN] Seq=0 Win=64240 Len=0 MSS=1460 WS=256 SACK_PERM=1,,,,,,,,,,2.697169,2.696742,,0.000427,,,0.007771,0.000427,,0.007344
19,2.697169,192.168.1.6,52.74.223.119,TCP,66,52353  >  443 [SYN] Seq=0 Win=64240 Len=0 MSS=1460 WS=256 SACK_PERM=1,,,,,,,,,,2.70494,2.697169,,0.007771,,,0.000189,0.007771,,-0.007582
20,2.70494,185.199.108.154,192.168.1.6,TCP,66,"443  >  52351 [SYN, ACK] Seq=0 Ack=1 Win=29200 Len=0 MSS=1452 SACK_PERM=1 WS=512",,,,,,,,,,2.705129,2.70494,,0.000189,,,0.000597,0.000189,,0.000408
21,2.705129,192.168.1.6,185.199.108.154,TCP,54,52351  >  443 [ACK] Seq=1 Ack=1 Win=132096 Len=0,,,,,,,,,,2.705726,2.705129,,0.000597,,,0.010879,0.000597,,0.010282
22,2.705726,192.168.1.6,185.199.108.154,TLSv1.2,578,Client Hello,,,,,,,,,,2.716605,2.705726,,0.010879,,,0.000159,0.010879,,-0.01072
23,2.716605,52.74.223.119,192.168.1.6,TCP,66,"443  >  52353 [SYN, ACK] Seq=0 Ack=1 Win=65535 Len=0 MSS=1436 SACK_PERM=1 WS=1024",,,,,,,,,,2.716764,2.716605,,0.000159,,,0.000522,0.000159,,0.000363
24,2.716764,192.168.1.6,52.74.223.119,TCP,54,52353  >  443 [ACK] Seq=1 Ack=1 Win=132096 Len=0,,,,,,,,,,2.717286,2.716764,,0.000522,,,0.002817,0.000522,,0.002295
25,2.717286,192.168.1.6,52.74.223.119,TLSv1.3,571,Client Hello,,,,,,,,,,2.720103,2.717286,,0.002817,,,0.000201,0.002817,,-0.002616
26,2.720103,52.74.223.119,192.168.1.6,TCP,66,"443  >  52352 [SYN, ACK] Seq=0 Ack=1 Win=65535 Len=0 MSS=1436 SACK_PERM=1 WS=1024",,,,,,,,,,2.720304,2.720103,,0.000201,,,0.000519,0.000201,,0.000318
27,2.720304,192.168.1.6,52.74.223.119,TCP,54,52352  >  443 [ACK] Seq=1 Ack=1 Win=132096 Len=0,,,,,,,,,,2.720823,2.720304,,0.000519,,,0.003902,0.000519,,0.003383
28,2.720823,192.168.1.6,52.74.223.119,TLSv1.3,571,Client Hello,,,,,,,,,,2.724725,2.720823,,0.003902,,,0,0.003902,,-0.003902
29,2.724725,185.199.108.154,192.168.1.6,TCP,54,443  >  52351 [ACK] Seq=1 Ack=525 Win=30720 Len=0,,,,,,,,,,2.724725,2.724725,,0,,,0.001804,0,,0.001804
30,2.724725,185.199.108.154,192.168.1.6,TLSv1.2,204,"Server Hello, Change Cipher Spec, Encrypted Handshake Message",,,,,,,,,,2.726529,2.724725,,0.001804,,,0.012909,0.001804,,0.011105
31,2.726529,192.168.1.6,185.199.108.154,TLSv1.2,105,"Change Cipher Spec, Encrypted Handshake Message",,,,,,,,,,2.739438,2.726529,,0.012909,,,0,0.012909,,-0.012909
32,2.739438,52.74.223.119,192.168.1.6,TLSv1.3,1490,"Server Hello, Change Cipher Spec, Application Data",,,,,,,,,,2.739438,2.739438,,0,,,0,0,,0
33,2.739438,52.74.223.119,192.168.1.6,TCP,1490,443  >  52353 [ACK] Seq=1437 Ack=518 Win=67584 Len=1436 [TCP segment of a reassembled PDU],,,,,,,,,,2.739438,2.739438,,0,,,0.000148,0,,0.000148
34,2.739438,52.74.223.119,192.168.1.6,TLSv1.3,704,"Application Data, Application Data, Application Data",,,,,,,,,,2.739586,2.739438,,0.000148,,,0.002321,0.000148,,0.002173
35,2.739586,192.168.1.6,52.74.223.119,TCP,54,52353  >  443 [ACK] Seq=518 Ack=3523 Win=132096 Len=0,,,,,,,,,,2.741907,2.739586,,0.002321,,,0.000701,0.002321,,-0.00162
36,2.741907,192.168.1.6,52.74.223.119,TLSv1.3,118,"Change Cipher Spec, Application Data",,,,,,,,,,2.742608,2.741907,,0.000701,,,0,0.000701,,-0.000701
37,2.742608,192.168.1.6,52.74.223.119,TCP,1490,52353  >  443 [ACK] Seq=582 Ack=3523 Win=132096 Len=1436 [TCP segment of a reassembled PDU],,,,,,,,,,2.742608,2.742608,,0,,,0.005935,0,,0.005935
38,2.742608,192.168.1.6,52.74.223.119,TLSv1.3,692,Application Data,,,,,,,,,,2.748543,2.742608,,0.005935,,,0,0.005935,,-0.005935
39,2.748543,52.74.223.119,192.168.1.6,TLSv1.3,1490,"Server Hello, Change Cipher Spec, Application Data",,,,,,,,,,2.748543,2.748543,,0,,,0,0,,0
40,2.748543,52.74.223.119,192.168.1.6,TCP,1490,443  >  52352 [ACK] Seq=1437 Ack=518 Win=67584 Len=1436 [TCP segment of a reassembled PDU],,,,,,,,,,,,,,,,,,,
41,2.748543,52.74.223.119,192.168.1.6,TLSv1.3,704,"Application Data, Application Data, Application Data",,,,,,,,,,,Total Delay,,2.748543,,,,Total Jitter,,-0.00019
42,2.748722,192.168.1.6,52.74.223.119,TCP,54,52352  >  443 [ACK] Seq=518 Ack=3523 Win=132096 Len=0,,,,,,,,,,,Rata - Rata Delay,,0.006289572,,,,Rata - rata Jitter ,,0
43,2.750543,192.168.1.6,52.74.223.119,TLSv1.3,118,"Change Cipher Spec, Application Data",,,,,,,,,,,,,,,,,,,
44,2.760871,52.74.223.119,192.168.1.6,TLSv1.3,133,Application Data,,,,,,,,,,,,,,,,,,,
45,2.7612,52.74.223.119,192.168.1.6,TLSv1.3,133,Application Data,,,,,,,,,,,,,,,,,,,
46,2.761272,192.168.1.6,52.74.223.119,TCP,54,52353  >  443 [ACK] Seq=2656 Ack=3681 Win=131840 Len=0,,,,,,,,,,,,,,,,,,,
47,2.763958,52.74.223.119,192.168.1.6,TCP,56,443  >  52353 [ACK] Seq=3681 Ack=2656 Win=72704 Len=0,,,,,,,,,,,,,,,,,,,
48,2.774206,52.74.223.119,192.168.1.6,TLSv1.3,133,Application Data,,,,,,,,,,,,,,,,,,,
49,2.774206,52.74.223.119,192.168.1.6,TLSv1.3,133,Application Data,,,,,,,,,,,,,,,,,,,
50,2.774442,192.168.1.6,52.74.223.119,TCP,54,52352  >  443 [ACK] Seq=582 Ack=3681 Win=131840 Len=0,,,,,,,,,,,,,,,,,,,
51,2.785641,185.199.108.154,192.168.1.6,TCP,56,443  >  52351 [ACK] Seq=151 Ack=576 Win=30720 Len=0,,,,,,,,,,,,,,,,,,,
52,3.271143,52.74.223.119,192.168.1.6,TLSv1.3,1446,Application Data,,,,,,,,,,,,,,,,,,,
53,3.274176,52.74.223.119,192.168.1.6,TLSv1.3,1446,Application Data,,,,,,,,,,,,,,,,,,,
54,3.274176,52.74.223.119,192.168.1.6,TLSv1.3,1293,"Application Data, Application Data",,,,,,,,,,,,,,,,,,,
55,3.274176,52.74.223.119,192.168.1.6,TLSv1.3,1446,Application Data,,,,,,,,,,,,,,,,,,,
56,3.274176,52.74.223.119,192.168.1.6,TLSv1.3,1490,Application Data,,,,,,,,,,,,,,,,,,,
57,3.274449,192.168.1.6,52.74.223.119,TCP,54,52353  >  443 [ACK] Seq=2656 Ack=10532 Win=132096 Len=0,,,,,,,,,,,,,,,,,,,
58,3.275533,52.74.223.119,192.168.1.6,TLSv1.3,1402,Application Data,,,,,,,,,,,,,,,,,,,
59,3.275641,192.168.1.6,52.74.223.119,TCP,54,52353  >  443 [ACK] Seq=2656 Ack=11880 Win=130560 Len=0,,,,,,,,,,,,,,,,,,,
60,3.276655,52.74.223.119,192.168.1.6,TLSv1.3,1490,Application Data,,,,,,,,,,,,,,,,,,,
61,3.276655,52.74.223.119,192.168.1.6,TLSv1.3,1490,Application Data [TCP segment of a reassembled PDU],,,,,,,,,,,,,,,,,,,
62,3.276655,52.74.223.119,192.168.1.6,TLSv1.3,1490,Application Data [TCP segment of a reassembled PDU],,,,,,,,,,,,,,,,,,,
63,3.276655,52.74.223.119,192.168.1.6,TLSv1.3,1314,Application Data,,,,,,,,,,,,,,,,,,,
64,3.276748,192.168.1.6,52.74.223.119,TCP,54,52353  >  443 [ACK] Seq=2656 Ack=17448 Win=132096 Len=0,,,,,,,,,,,,,,,,,,,
65,3.294201,192.168.1.6,140.82.112.26,TLSv1.2,242,Application Data,,,,,,,,,,,,,,,,,,,
66,3.295301,52.74.223.119,192.168.1.6,TLSv1.3,1490,Application Data,,,,,,,,,,,,,,,,,,,
67,3.296569,52.74.223.119,192.168.1.6,TLSv1.3,1490,Application Data [TCP segment of a reassembled PDU],,,,,,,,,,,,,,,,,,,
68,3.296569,52.74.223.119,192.168.1.6,TLSv1.3,1490,Application Data [TCP segment of a reassembled PDU],,,,,,,,,,,,,,,,,,,
69,3.296569,52.74.223.119,192.168.1.6,TLSv1.3,1490,Application Data [TCP segment of a reassembled PDU],,,,,,,,,,,,,,,,,,,
70,3.296656,192.168.1.6,52.74.223.119,TCP,54,52353  >  443 [ACK] Seq=2656 Ack=23192 Win=132096 Len=0,,,,,,,,,,,,,,,,,,,
71,3.297534,52.74.223.119,192.168.1.6,TLSv1.3,1490,Application Data [TCP segment of a reassembled PDU],,,,,,,,,,,,,,,,,,,
72,3.297675,52.74.223.119,192.168.1.6,TLSv1.3,1490,Application Data [TCP segment of a reassembled PDU],,,,,,,,,,,,,,,,,,,
73,3.297675,52.74.223.119,192.168.1.6,TLSv1.3,114,Application Data,,,,,,,,,,,,,,,,,,,
74,3.297715,192.168.1.6,52.74.223.119,TCP,54,52353  >  443 [ACK] Seq=2656 Ack=26124 Win=132096 Len=0,,,,,,,,,,,,,,,,,,,
75,3.30382,192.168.1.6,140.82.112.26,TLSv1.2,84,Application Data,,,,,,,,,,,,,,,,,,,
76,3.304205,192.168.1.6,140.82.112.26,TCP,54,"52246  >  443 [FIN, ACK] Seq=219 Ack=1 Win=511 Len=0",,,,,,,,,,,,,,,,,,,
77,3.337378,fe80::3dfb:9bbe:e62a:b882,fe80::1,DNS,110,Standard query 0x7364 A avatars3.githubusercontent.com,,,,,,,,,,,,,,,,,,,
78,3.337761,fe80::3dfb:9bbe:e62a:b882,fe80::1,DNS,110,Standard query 0xa0a4 A avatars0.githubusercontent.com,,,,,,,,,,,,,,,,,,,
79,3.3722,192.168.1.6,192.168.1.1,DNS,90,Standard query 0xa0a4 A avatars0.githubusercontent.com,,,,,,,,,,,,,,,,,,,
80,3.372403,192.168.1.6,192.168.1.1,DNS,90,Standard query 0x7364 A avatars3.githubusercontent.com,,,,,,,,,,,,,,,,,,,
81,3.372614,fe80::1,fe80::3dfb:9bbe:e62a:b882,DNS,161,Standard query response 0x7364 A avatars3.githubusercontent.com CNAME github.map.fastly.net A 151.101.8.133,,,,,,,,,,,,,,,,,,,
82,3.374751,192.168.1.1,192.168.1.6,DNS,106,Standard query response 0x7364 A avatars3.githubusercontent.com A 151.101.8.133,,,,,,,,,,,,,,,,,,,
83,3.375524,192.168.1.6,151.101.8.133,TCP,66,52354  >  443 [SYN] Seq=0 Win=64240 Len=0 MSS=1460 WS=256 SACK_PERM=1,,,,,,,,,,,,,,,,,,,
84,3.398366,151.101.8.133,192.168.1.6,TCP,66,"443  >  52354 [SYN, ACK] Seq=0 Ack=1 Win=29200 Len=0 MSS=1452 SACK_PERM=1 WS=512",,,,,,,,,,,,,,,,,,,
85,3.39857,192.168.1.6,151.101.8.133,TCP,54,52354  >  443 [ACK] Seq=1 Ack=1 Win=132096 Len=0,,,,,,,,,,,,,,,,,,,
86,3.399349,192.168.1.6,151.101.8.133,TLSv1.2,585,Client Hello,,,,,,,,,,,,,,,,,,,
87,3.413549,192.168.1.6,140.82.114.25,TCP,55,52319  >  443 [ACK] Seq=1 Ack=1 Win=515 Len=1 [TCP segment of a reassembled PDU],,,,,,,,,,,,,,,,,,,
88,3.422675,151.101.8.133,192.168.1.6,TCP,54,443  >  52354 [ACK] Seq=1 Ack=532 Win=30720 Len=0,,,,,,,,,,,,,,,,,,,
89,3.423544,151.101.8.133,192.168.1.6,TLSv1.2,210,"Server Hello, Change Cipher Spec, Encrypted Handshake Message",,,,,,,,,,,,,,,,,,,
90,3.426279,192.168.1.6,151.101.8.133,TLSv1.2,105,"Change Cipher Spec, Encrypted Handshake Message",,,,,,,,,,,,,,,,,,,
91,3.42687,192.168.1.6,151.101.8.133,TLSv1.2,676,Application Data,,,,,,,,,,,,,,,,,,,
92,3.436094,fe80::3dfb:9bbe:e62a:b882,fe80::1,DNS,110,Standard query 0x4326 A avatars1.githubusercontent.com,,,,,,,,,,,,,,,,,,,
93,3.437764,fe80::3dfb:9bbe:e62a:b882,fe80::1,DNS,110,Standard query 0x5af9 A avatars2.githubusercontent.com,,,,,,,,,,,,,,,,,,,
94,3.438723,192.168.1.6,172.217.194.95,UDP,1392,60138  >  443 Len=1350,,,,,,,,,,,,,,,,,,,
95,3.439442,192.168.1.6,172.217.194.95,UDP,559,60138  >  443 Len=517,,,,,,,,,,,,,,,,,,,
96,3.450199,151.101.8.133,192.168.1.6,TCP,56,443  >  52354 [ACK] Seq=157 Ack=1205 Win=31744 Len=0,,,,,,,,,,,,,,,,,,,
97,3.454364,151.101.8.133,192.168.1.6,TLSv1.2,562,Application Data,,,,,,,,,,,,,,,,,,,
98,3.460603,172.217.194.95,192.168.1.6,UDP,1392,443  >  60138 Len=1350,,,,,,,,,,,,,,,,,,,
99,3.461107,fe80::1,fe80::3dfb:9bbe:e62a:b882,DNS,161,Standard query response 0xa0a4 A avatars0.githubusercontent.com CNAME github.map.fastly.net A 151.101.8.133,,,,,,,,,,,,,,,,,,,
100,3.461626,192.168.1.6,172.217.194.95,UDP,75,60138  >  443 Len=33,,,,,,,,,,,,,,,,,,,
101,3.462329,192.168.1.6,151.101.8.133,TCP,66,52355  >  443 [SYN] Seq=0 Win=64240 Len=0 MSS=1460 WS=256 SACK_PERM=1,,,,,,,,,,,,,,,,,,,
102,3.465252,fe80::3dfb:9bbe:e62a:b882,fe80::1,DNS,109,Standard query 0xdb08 A github-cloud.s3.amazonaws.com,,,,,,,,,,,,,,,,,,,
103,3.466833,192.168.1.6,192.168.1.1,DNS,90,Standard query 0x4326 A avatars1.githubusercontent.com,,,,,,,,,,,,,,,,,,,
104,3.468001,fe80::1,fe80::3dfb:9bbe:e62a:b882,DNS,161,Standard query response 0x4326 A avatars1.githubusercontent.com CNAME github.map.fastly.net A 151.101.8.133,,,,,,,,,,,,,,,,,,,
105,3.46824,192.168.1.1,192.168.1.6,DNS,106,Standard query response 0x4326 A avatars1.githubusercontent.com A 151.101.8.133,,,,,,,,,,,,,,,,,,,
106,3.470899,192.168.1.6,192.168.1.1,DNS,90,Standard query 0x5af9 A avatars2.githubusercontent.com,,,,,,,,,,,,,,,,,,,
107,3.472637,fe80::3dfb:9bbe:e62a:b882,fe80::1,DNS,113,Standard query 0xd7bf A user-images.githubusercontent.com,,,,,,,,,,,,,,,,,,,
108,3.48081,151.101.8.133,192.168.1.6,TCP,66,"443  >  52355 [SYN, ACK] Seq=0 Ack=1 Win=29200 Len=0 MSS=1452 SACK_PERM=1 WS=512",,,,,,,,,,,,,,,,,,,
109,3.480998,192.168.1.6,151.101.8.133,TCP,54,52355  >  443 [ACK] Seq=1 Ack=1 Win=132096 Len=0,,,,,,,,,,,,,,,,,,,
110,3.481815,192.168.1.6,151.101.8.133,TLSv1.2,585,Client Hello,,,,,,,,,,,,,,,,,,,
111,3.484595,172.217.194.95,192.168.1.6,UDP,67,443  >  60138 Len=25,,,,,,,,,,,,,,,,,,,
112,3.495408,192.168.1.6,151.101.8.133,TCP,54,52354  >  443 [ACK] Seq=1205 Ack=665 Win=131328 Len=0,,,,,,,,,,,,,,,,,,,
113,3.496718,192.168.1.6,192.168.1.1,DNS,89,Standard query 0xdb08 A github-cloud.s3.amazonaws.com,,,,,,,,,,,,,,,,,,,
114,3.499375,fe80::1,fe80::3dfb:9bbe:e62a:b882,DNS,146,Standard query response 0xdb08 A github-cloud.s3.amazonaws.com CNAME s3-1-w.amazonaws.com A 52.217.49.4,,,,,,,,,,,,,,,,,,,
115,3.500572,151.101.8.133,192.168.1.6,TCP,54,443  >  52355 [ACK] Seq=1 Ack=532 Win=30720 Len=0,,,,,,,,,,,,,,,,,,,
116,3.500751,151.101.8.133,192.168.1.6,TLSv1.2,210,"Server Hello, Change Cipher Spec, Encrypted Handshake Message",,,,,,,,,,,,,,,,,,,
117,3.50218,192.168.1.6,151.101.8.133,TLSv1.2,105,"Change Cipher Spec, Encrypted Handshake Message",,,,,,,,,,,,,,,,,,,
118,3.503172,192.168.1.6,151.101.8.133,TLSv1.2,676,Application Data,,,,,,,,,,,,,,,,,,,
119,3.503838,192.168.1.6,192.168.1.1,DNS,93,Standard query 0xd7bf A user-images.githubusercontent.com,,,,,,,,,,,,,,,,,,,
120,3.511232,172.217.194.95,192.168.1.6,UDP,509,443  >  60138 Len=467,,,,,,,,,,,,,,,,,,,
121,3.511232,172.217.194.95,192.168.1.6,UDP,116,443  >  60138 Len=74,,,,,,,,,,,,,,,,,,,
122,3.511796,192.168.1.6,172.217.194.95,UDP,75,60138  >  443 Len=33,,,,,,,,,,,,,,,,,,,
123,3.5209,151.101.8.133,192.168.1.6,TCP,56,443  >  52355 [ACK] Seq=157 Ack=1205 Win=31744 Len=0,,,,,,,,,,,,,,,,,,,
124,3.523623,151.101.8.133,192.168.1.6,TLSv1.2,562,Application Data,,,,,,,,,,,,,,,,,,,
125,3.527607,192.168.1.6,52.74.223.119,TCP,1490,52353  >  443 [ACK] Seq=2656 Ack=26124 Win=132096 Len=1436 [TCP segment of a reassembled PDU],,,,,,,,,,,,,,,,,,,
126,3.527607,192.168.1.6,52.74.223.119,TLSv1.3,503,Application Data,,,,,,,,,,,,,,,,,,,
127,3.542505,fe80::3dfb:9bbe:e62a:b882,fe80::1,DNS,104,Standard query 0x312a A www.google-analytics.com,,,,,,,,,,,,,,,,,,,
128,3.544378,192.168.1.6,52.74.223.119,TCP,1490,52352  >  443 [ACK] Seq=582 Ack=3681 Win=131840 Len=1436 [TCP segment of a reassembled PDU],,,,,,,,,,,,,,,,,,,
129,3.544378,192.168.1.6,52.74.223.119,TLSv1.3,479,Application Data,,,,,,,,,,,,,,,,,,,
130,3.545486,fe80::1,fe80::3dfb:9bbe:e62a:b882,DNS,244,Standard query response 0x312a A www.google-analytics.com CNAME www-google-analytics.l.google.com A 172.217.194.101 A 172.217.194.113 A 172.217.194.100 A 172.217.194.102 A 172.217.194.139 A 172.217.194.138,,,,,,,,,,,,,,,,,,,
131,3.54757,192.168.1.6,172.217.194.102,UDP,501,55711  >  443 Len=459,,,,,,,,,,,,,,,,,,,
132,3.547614,52.74.223.119,192.168.1.6,TCP,56,443  >  52353 [ACK] Seq=26124 Ack=4541 Win=76800 Len=0,,,,,,,,,,,,,,,,,,,
133,3.550618,fe80::1,fe80::3dfb:9bbe:e62a:b882,DNS,164,Standard query response 0xd7bf A user-images.githubusercontent.com CNAME github.map.fastly.net A 151.101.8.133,,,,,,,,,,,,,,,,,,,
134,3.565217,140.82.112.26,192.168.1.6,TCP,54,443  >  52246 [ACK] Seq=1 Ack=189 Win=71 Len=0,,,,,,,,,,,,,,,,,,,
135,3.56557,192.168.1.6,151.101.8.133,TCP,54,52355  >  443 [ACK] Seq=1205 Ack=665 Win=131328 Len=0,,,,,,,,,,,,,,,,,,,
136,3.566141,192.168.1.6,52.74.223.119,TCP,66,52356  >  443 [SYN] Seq=0 Win=64240 Len=0 MSS=1460 WS=256 SACK_PERM=1,,,,,,,,,,,,,,,,,,,
137,3.566323,140.82.112.26,192.168.1.6,TLSv1.2,127,Application Data,,,,,,,,,,,,,,,,,,,
138,3.566439,192.168.1.6,140.82.112.26,TCP,54,"52246  >  443 [RST, ACK] Seq=220 Ack=74 Win=0 Len=0",,,,,,,,,,,,,,,,,,,
139,3.567653,192.168.1.6,52.74.223.119,TCP,66,52357  >  443 [SYN] Seq=0 Win=64240 Len=0 MSS=1460 WS=256 SACK_PERM=1,,,,,,,,,,,,,,,,,,,
140,3.567815,172.217.194.102,192.168.1.6,UDP,307,443  >  55711 Len=265,,,,,,,,,,,,,,,,,,,
141,3.568795,52.74.223.119,192.168.1.6,TCP,56,443  >  52352 [ACK] Seq=3681 Ack=2443 Win=70656 Len=0,,,,,,,,,,,,,,,,,,,
142,3.575688,140.82.112.26,192.168.1.6,TLSv1.2,80,Application Data,,,,,,,,,,,,,,,,,,,
143,3.575822,192.168.1.6,140.82.112.26,TCP,54,52246  >  443 [RST] Seq=220 Win=0 Len=0,,,,,,,,,,,,,,,,,,,
144,3.576328,140.82.112.26,192.168.1.6,TLSv1.2,78,Application Data,,,,,,,,,,,,,,,,,,,
145,3.576364,192.168.1.6,140.82.112.26,TCP,54,52246  >  443 [RST] Seq=220 Win=0 Len=0,,,,,,,,,,,,,,,,,,,
146,3.585712,52.74.223.119,192.168.1.6,TCP,66,"443  >  52356 [SYN, ACK] Seq=0 Ack=1 Win=65535 Len=0 MSS=1436 SACK_PERM=1 WS=1024",,,,,,,,,,,,,,,,,,,
147,3.586035,192.168.1.6,52.74.223.119,TCP,54,52356  >  443 [ACK] Seq=1 Ack=1 Win=132096 Len=0,,,,,,,,,,,,,,,,,,,
148,3.587528,192.168.1.6,52.74.223.119,TLSv1.3,571,Client Hello,,,,,,,,,,,,,,,,,,,
149,3.587632,52.74.223.119,192.168.1.6,TCP,66,"443  >  52357 [SYN, ACK] Seq=0 Ack=1 Win=65535 Len=0 MSS=1436 SACK_PERM=1 WS=1024",,,,,,,,,,,,,,,,,,,
150,3.587837,192.168.1.6,52.74.223.119,TCP,54,52357  >  443 [ACK] Seq=1 Ack=1 Win=132096 Len=0,,,,,,,,,,,,,,,,,,,
151,3.588359,192.168.1.6,52.74.223.119,TLSv1.3,571,Client Hello,,,,,,,,,,,,,,,,,,,
152,3.594699,192.168.1.6,172.217.194.102,UDP,75,55711  >  443 Len=33,,,,,,,,,,,,,,,,,,,
153,3.608647,52.74.223.119,192.168.1.6,TLSv1.3,298,"Server Hello, Change Cipher Spec, Application Data, Application Data",,,,,,,,,,,,,,,,,,,
154,3.611474,192.168.1.6,52.74.223.119,TLSv1.3,118,"Change Cipher Spec, Application Data",,,,,,,,,,,,,,,,,,,
155,3.611702,52.74.223.119,192.168.1.6,TLSv1.3,1490,"Server Hello, Change Cipher Spec, Application Data",,,,,,,,,,,,,,,,,,,
156,3.611702,52.74.223.119,192.168.1.6,TCP,1490,443  >  52357 [ACK] Seq=1437 Ack=518 Win=67584 Len=1436 [TCP segment of a reassembled PDU],,,,,,,,,,,,,,,,,,,
157,3.611702,52.74.223.119,192.168.1.6,TLSv1.3,704,"Application Data, Application Data, Application Data",,,,,,,,,,,,,,,,,,,
158,3.611974,192.168.1.6,52.74.223.119,TCP,54,52357  >  443 [ACK] Seq=518 Ack=3523 Win=132096 Len=0,,,,,,,,,,,,,,,,,,,
159,3.614958,192.168.1.6,52.74.223.119,TLSv1.3,118,"Change Cipher Spec, Application Data",,,,,,,,,,,,,,,,,,,
160,3.616479,192.168.1.6,52.74.223.119,TCP,1490,52356  >  443 [ACK] Seq=582 Ack=245 Win=131840 Len=1436 [TCP segment of a reassembled PDU],,,,,,,,,,,,,,,,,,,
161,3.616479,192.168.1.6,52.74.223.119,TLSv1.3,508,Application Data,,,,,,,,,,,,,,,,,,,
162,3.617005,192.168.1.6,52.74.223.119,TCP,1490,52357  >  443 [ACK] Seq=582 Ack=3523 Win=132096 Len=1436 [TCP segment of a reassembled PDU],,,,,,,,,,,,,,,,,,,
163,3.617005,192.168.1.6,52.74.223.119,TLSv1.3,497,Application Data,,,,,,,,,,,,,,,,,,,
164,3.622351,fe80::3dfb:9bbe:e62a:b882,fe80::1,DNS,94,Standard query 0xdb2b A api.github.com,,,,,,,,,,,,,,,,,,,
165,3.625515,fe80::1,fe80::3dfb:9bbe:e62a:b882,DNS,110,Standard query response 0xdb2b A api.github.com A 54.169.195.247,,,,,,,,,,,,,,,,,,,
166,3.627033,192.168.1.6,54.169.195.247,TCP,66,52358  >  443 [SYN] Seq=0 Win=64240 Len=0 MSS=1460 WS=256 SACK_PERM=1,,,,,,,,,,,,,,,,,,,
167,3.630342,52.74.223.119,192.168.1.6,TLSv1.3,133,Application Data,,,,,,,,,,,,,,,,,,,
168,3.633868,fe80::3dfb:9bbe:e62a:b882,fe80::1,DNS,103,Standard query 0xbc3a A collector.githubapp.com,,,,,,,,,,,,,,,,,,,
169,3.63417,192.168.1.6,185.199.108.154,TLSv1.2,153,Application Data,,,,,,,,,,,,,,,,,,,
170,3.634695,192.168.1.6,185.199.108.154,TLSv1.2,402,Application Data,,,,,,,,,,,,,,,,,,,
171,3.635379,52.74.223.119,192.168.1.6,TLSv1.3,133,Application Data,,,,,,,,,,,,,,,,,,,
172,3.635379,52.74.223.119,192.168.1.6,TLSv1.3,133,Application Data,,,,,,,,,,,,,,,,,,,
173,3.6355,192.168.1.6,52.74.223.119,TCP,54,52357  >  443 [ACK] Seq=2461 Ack=3681 Win=131840 Len=0,,,,,,,,,,,,,,,,,,,
174,3.637692,52.74.223.119,192.168.1.6,TCP,56,443  >  52356 [ACK] Seq=324 Ack=2472 Win=72704 Len=0,,,,,,,,,,,,,,,,,,,
175,3.638745,52.74.223.119,192.168.1.6,TCP,56,443  >  52357 [ACK] Seq=3681 Ack=2461 Win=70656 Len=0,,,,,,,,,,,,,,,,,,,
176,3.647133,54.169.195.247,192.168.1.6,TCP,66,"443  >  52358 [SYN, ACK] Seq=0 Ack=1 Win=65535 Len=0 MSS=1436 SACK_PERM=1 WS=1024",,,,,,,,,,,,,,,,,,,
177,3.647354,192.168.1.6,54.169.195.247,TCP,54,52358  >  443 [ACK] Seq=1 Ack=1 Win=132096 Len=0,,,,,,,,,,,,,,,,,,,
178,3.64805,192.168.1.6,54.169.195.247,TLSv1.3,571,Client Hello,,,,,,,,,,,,,,,,,,,
179,3.653632,185.199.108.154,192.168.1.6,TCP,56,443  >  52351 [ACK] Seq=151 Ack=675 Win=30720 Len=0,,,,,,,,,,,,,,,,,,,
180,3.653632,185.199.108.154,192.168.1.6,TLSv1.2,120,Application Data,,,,,,,,,,,,,,,,,,,
181,3.653938,185.199.108.154,192.168.1.6,TLSv1.2,1336,Application Data,,,,,,,,,,,,,,,,,,,
182,3.654019,192.168.1.6,185.199.108.154,TCP,54,52351  >  443 [ACK] Seq=1023 Ack=1499 Win=132096 Len=0,,,,,,,,,,,,,,,,,,,
183,3.654577,192.168.1.6,185.199.108.154,TLSv1.2,92,Application Data,,,,,,,,,,,,,,,,,,,
184,3.664931,192.168.1.6,192.168.1.1,DNS,83,Standard query 0xbc3a A collector.githubapp.com,,,,,,,,,,,,,,,,,,,
185,3.667656,192.168.1.6,118.98.109.81,UDP,818,52039  >  443 Len=776,,,,,,,,,,,,,,,,,,,
186,3.670701,192.168.1.6,52.74.223.119,TCP,54,52356  >  443 [ACK] Seq=2472 Ack=324 Win=131584 Len=0,,,,,,,,,,,,,,,,,,,
187,3.671461,54.169.195.247,192.168.1.6,TLSv1.3,1490,"Server Hello, Change Cipher Spec, Application Data",,,,,,,,,,,,,,,,,,,
188,3.671461,54.169.195.247,192.168.1.6,TCP,1490,443  >  52358 [ACK] Seq=1437 Ack=518 Win=67584 Len=1436 [TCP segment of a reassembled PDU],,,,,,,,,,,,,,,,,,,
189,3.671461,54.169.195.247,192.168.1.6,TLSv1.3,703,"Application Data, Application Data, Application Data",,,,,,,,,,,,,,,,,,,
190,3.671461,118.98.109.81,192.168.1.6,UDP,167,443  >  52039 Len=125,,,,,,,,,,,,,,,,,,,
191,3.671661,192.168.1.6,54.169.195.247,TCP,54,52358  >  443 [ACK] Seq=518 Ack=2873 Win=132096 Len=0,,,,,,,,,,,,,,,,,,,
192,3.672104,118.98.109.81,192.168.1.6,UDP,1392,443  >  52039 Len=1350,,,,,,,,,,,,,,,,,,,
193,3.672104,118.98.109.81,192.168.1.6,UDP,1392,443  >  52039 Len=1350,,,,,,,,,,,,,,,,,,,
194,3.674768,118.98.109.81,192.168.1.6,UDP,1392,443  >  52039 Len=1350,,,,,,,,,,,,,,,,,,,
195,3.674768,118.98.109.81,192.168.1.6,UDP,1392,443  >  52039 Len=1350,,,,,,,,,,,,,,,,,,,
196,3.674768,118.98.109.81,192.168.1.6,UDP,1392,443  >  52039 Len=1350,,,,,,,,,,,,,,,,,,,
197,3.674768,118.98.109.81,192.168.1.6,UDP,1392,443  >  52039 Len=1350,,,,,,,,,,,,,,,,,,,
198,3.674768,118.98.109.81,192.168.1.6,UDP,1392,443  >  52039 Len=1350,,,,,,,,,,,,,,,,,,,
199,3.674768,118.98.109.81,192.168.1.6,UDP,1392,443  >  52039 Len=1350,,,,,,,,,,,,,,,,,,,
200,3.674768,118.98.109.81,192.168.1.6,UDP,1392,443  >  52039 Len=1350,,,,,,,,,,,,,,,,,,,
201,3.674768,118.98.109.81,192.168.1.6,UDP,1392,443  >  52039 Len=1350,,,,,,,,,,,,,,,,,,,
202,3.674768,118.98.109.81,192.168.1.6,UDP,1392,443  >  52039 Len=1350,,,,,,,,,,,,,,,,,,,
203,3.67543,192.168.1.6,54.169.195.247,TLSv1.3,118,"Change Cipher Spec, Application Data",,,,,,,,,,,,,,,,,,,
204,3.676092,192.168.1.6,118.98.109.81,UDP,75,52039  >  443 Len=33,,,,,,,,,,,,,,,,,,,
205,3.676869,192.168.1.6,54.169.195.247,TLSv1.3,733,Application Data,,,,,,,,,,,,,,,,,,,
206,3.677098,118.98.109.81,192.168.1.6,UDP,1392,443  >  52039 Len=1350,,,,,,,,,,,,,,,,,,,
207,3.677098,118.98.109.81,192.168.1.6,UDP,1392,443  >  52039 Len=1350,,,,,,,,,,,,,,,,,,,
208,3.677108,192.168.1.6,54.169.195.247,TCP,1490,52358  >  443 [ACK] Seq=1261 Ack=3522 Win=131328 Len=1436 [TCP segment of a reassembled PDU],,,,,,,,,,,,,,,,,,,
209,3.677098,118.98.109.81,192.168.1.6,UDP,1392,443  >  52039 Len=1350,,,,,,,,,,,,,,,,,,,
210,3.677108,192.168.1.6,54.169.195.247,TCP,1490,52358  >  443 [ACK] Seq=2697 Ack=3522 Win=131328 Len=1436 [TCP segment of a reassembled PDU],,,,,,,,,,,,,,,,,,,
211,3.677098,118.98.109.81,192.168.1.6,UDP,1392,443  >  52039 Len=1350,,,,,,,,,,,,,,,,,,,
212,3.677108,192.168.1.6,54.169.195.247,TCP,1490,52358  >  443 [ACK] Seq=4133 Ack=3522 Win=131328 Len=1436 [TCP segment of a reassembled PDU],,,,,,,,,,,,,,,,,,,
213,3.677108,192.168.1.6,54.169.195.247,TCP,1490,52358  >  443 [ACK] Seq=5569 Ack=3522 Win=131328 Len=1436 [TCP segment of a reassembled PDU],,,,,,,,,,,,,,,,,,,
214,3.677098,118.98.109.81,192.168.1.6,UDP,1392,443  >  52039 Len=1350,,,,,,,,,,,,,,,,,,,
215,3.677108,192.168.1.6,54.169.195.247,TCP,1490,52358  >  443 [ACK] Seq=7005 Ack=3522 Win=131328 Len=1436 [TCP segment of a reassembled PDU],,,,,,,,,,,,,,,,,,,
216,3.677098,118.98.109.81,192.168.1.6,UDP,1392,443  >  52039 Len=1350,,,,,,,,,,,,,,,,,,,
217,3.677108,192.168.1.6,54.169.195.247,TCP,1490,52358  >  443 [ACK] Seq=8441 Ack=3522 Win=131328 Len=1436 [TCP segment of a reassembled PDU],,,,,,,,,,,,,,,,,,,
218,3.677098,118.98.109.81,192.168.1.6,UDP,1392,443  >  52039 Len=1350,,,,,,,,,,,,,,,,,,,
219,3.677108,192.168.1.6,54.169.195.247,TLSv1.3,586,Application Data,,,,,,,,,,,,,,,,,,,
220,3.677098,118.98.109.81,192.168.1.6,UDP,1392,443  >  52039 Len=1350,,,,,,,,,,,,,,,,,,,
221,3.677098,118.98.109.81,192.168.1.6,UDP,1392,443  >  52039 Len=1350,,,,,,,,,,,,,,,,,,,
222,3.677098,118.98.109.81,192.168.1.6,UDP,1392,443  >  52039 Len=1350,,,,,,,,,,,,,,,,,,,
223,3.677467,192.168.1.6,118.98.109.81,UDP,75,52039  >  443 Len=33,,,,,,,,,,,,,,,,,,,
224,3.677991,192.168.1.6,118.98.109.81,UDP,75,52039  >  443 Len=33,,,,,,,,,,,,,,,,,,,
225,3.678676,118.98.109.81,192.168.1.6,UDP,1392,443  >  52039 Len=1350,,,,,,,,,,,,,,,,,,,
226,3.678676,118.98.109.81,192.168.1.6,UDP,1392,443  >  52039 Len=1350,,,,,,,,,,,,,,,,,,,
227,3.678676,118.98.109.81,192.168.1.6,UDP,1392,443  >  52039 Len=1350,,,,,,,,,,,,,,,,,,,
228,3.678676,118.98.109.81,192.168.1.6,UDP,1392,443  >  52039 Len=1350,,,,,,,,,,,,,,,,,,,
229,3.678676,118.98.109.81,192.168.1.6,UDP,1392,443  >  52039 Len=1350,,,,,,,,,,,,,,,,,,,
230,3.678676,118.98.109.81,192.168.1.6,UDP,1392,443  >  52039 Len=1350,,,,,,,,,,,,,,,,,,,
231,3.678676,118.98.109.81,192.168.1.6,UDP,1392,443  >  52039 Len=1350,,,,,,,,,,,,,,,,,,,
232,3.678676,118.98.109.81,192.168.1.6,UDP,1392,443  >  52039 Len=1350,,,,,,,,,,,,,,,,,,,
233,3.678676,118.98.109.81,192.168.1.6,UDP,1392,443  >  52039 Len=1350,,,,,,,,,,,,,,,,,,,
234,3.678676,118.98.109.81,192.168.1.6,UDP,1392,443  >  52039 Len=1350,,,,,,,,,,,,,,,,,,,
235,3.678676,118.98.109.81,192.168.1.6,UDP,1392,443  >  52039 Len=1350,,,,,,,,,,,,,,,,,,,
236,3.67925,192.168.1.6,118.98.109.81,UDP,75,52039  >  443 Len=33,,,,,,,,,,,,,,,,,,,
237,3.680302,192.168.1.6,118.98.109.81,UDP,75,52039  >  443 Len=33,,,,,,,,,,,,,,,,,,,
238,3.680588,118.98.109.81,192.168.1.6,UDP,1392,443  >  52039 Len=1350,,,,,,,,,,,,,,,,,,,
239,3.680588,118.98.109.81,192.168.1.6,UDP,1392,443  >  52039 Len=1350,,,,,,,,,,,,,,,,,,,
240,3.680588,118.98.109.81,192.168.1.6,UDP,1392,443  >  52039 Len=1350,,,,,,,,,,,,,,,,,,,
241,3.680588,118.98.109.81,192.168.1.6,UDP,1392,443  >  52039 Len=1350,,,,,,,,,,,,,,,,,,,
242,3.680588,118.98.109.81,192.168.1.6,UDP,1392,443  >  52039 Len=1350,,,,,,,,,,,,,,,,,,,
243,3.680588,118.98.109.81,192.168.1.6,UDP,1392,443  >  52039 Len=1350,,,,,,,,,,,,,,,,,,,
244,3.680588,118.98.109.81,192.168.1.6,UDP,1392,443  >  52039 Len=1350,,,,,,,,,,,,,,,,,,,
245,3.680588,118.98.109.81,192.168.1.6,UDP,1392,443  >  52039 Len=1350,,,,,,,,,,,,,,,,,,,
246,3.680588,118.98.109.81,192.168.1.6,UDP,1392,443  >  52039 Len=1350,,,,,,,,,,,,,,,,,,,
247,3.680588,118.98.109.81,192.168.1.6,UDP,1392,443  >  52039 Len=1350,,,,,,,,,,,,,,,,,,,
248,3.681903,192.168.1.6,118.98.109.81,UDP,75,52039  >  443 Len=33,,,,,,,,,,,,,,,,,,,
249,3.683816,118.98.109.81,192.168.1.6,UDP,1392,443  >  52039 Len=1350,,,,,,,,,,,,,,,,,,,
250,3.683816,118.98.109.81,192.168.1.6,UDP,1392,443  >  52039 Len=1350,,,,,,,,,,,,,,,,,,,
251,3.683816,118.98.109.81,192.168.1.6,UDP,1392,443  >  52039 Len=1350,,,,,,,,,,,,,,,,,,,
252,3.683816,118.98.109.81,192.168.1.6,UDP,1392,443  >  52039 Len=1350,,,,,,,,,,,,,,,,,,,
253,3.683816,118.98.109.81,192.168.1.6,UDP,1392,443  >  52039 Len=1350,,,,,,,,,,,,,,,,,,,
254,3.683816,118.98.109.81,192.168.1.6,UDP,1392,443  >  52039 Len=1350,,,,,,,,,,,,,,,,,,,
255,3.683816,118.98.109.81,192.168.1.6,UDP,1392,443  >  52039 Len=1350,,,,,,,,,,,,,,,,,,,
256,3.683816,140.82.114.25,192.168.1.6,TCP,66,443  >  52319 [ACK] Seq=1 Ack=2 Win=69 Len=0 SLE=1 SRE=2,,,,,,,,,,,,,,,,,,,
257,3.683816,118.98.109.81,192.168.1.6,UDP,1392,443  >  52039 Len=1350,,,,,,,,,,,,,,,,,,,
258,3.683816,118.98.109.81,192.168.1.6,UDP,1392,443  >  52039 Len=1350,,,,,,,,,,,,,,,,,,,
259,3.683816,118.98.109.81,192.168.1.6,UDP,1392,443  >  52039 Len=1350,,,,,,,,,,,,,,,,,,,
260,3.683816,118.98.109.81,192.168.1.6,UDP,1392,443  >  52039 Len=1350,,,,,,,,,,,,,,,,,,,
261,3.685025,192.168.1.6,118.98.109.81,UDP,75,52039  >  443 Len=33,,,,,,,,,,,,,,,,,,,
262,3.685539,118.98.109.81,192.168.1.6,UDP,1392,443  >  52039 Len=1350,,,,,,,,,,,,,,,,,,,
263,3.685539,118.98.109.81,192.168.1.6,UDP,1392,443  >  52039 Len=1350,,,,,,,,,,,,,,,,,,,
264,3.685539,118.98.109.81,192.168.1.6,UDP,1392,443  >  52039 Len=1350,,,,,,,,,,,,,,,,,,,
265,3.685539,118.98.109.81,192.168.1.6,UDP,1392,443  >  52039 Len=1350,,,,,,,,,,,,,,,,,,,
266,3.685539,118.98.109.81,192.168.1.6,UDP,1392,443  >  52039 Len=1350,,,,,,,,,,,,,,,,,,,
267,3.685539,118.98.109.81,192.168.1.6,UDP,1392,443  >  52039 Len=1350,,,,,,,,,,,,,,,,,,,
268,3.685539,118.98.109.81,192.168.1.6,UDP,1392,443  >  52039 Len=1350,,,,,,,,,,,,,,,,,,,
269,3.685539,118.98.109.81,192.168.1.6,UDP,1392,443  >  52039 Len=1350,,,,,,,,,,,,,,,,,,,
270,3.685539,118.98.109.81,192.168.1.6,UDP,1392,443  >  52039 Len=1350,,,,,,,,,,,,,,,,,,,
271,3.687092,192.168.1.6,118.98.109.81,UDP,75,52039  >  443 Len=33,,,,,,,,,,,,,,,,,,,
272,3.688083,192.168.1.6,118.98.109.81,UDP,75,52039  >  443 Len=33,,,,,,,,,,,,,,,,,,,
273,3.689636,118.98.109.81,192.168.1.6,UDP,1392,443  >  52039 Len=1350,,,,,,,,,,,,,,,,,,,
274,3.689636,118.98.109.81,192.168.1.6,UDP,1392,443  >  52039 Len=1350,,,,,,,,,,,,,,,,,,,
275,3.689636,118.98.109.81,192.168.1.6,UDP,1392,443  >  52039 Len=1350,,,,,,,,,,,,,,,,,,,
276,3.689636,118.98.109.81,192.168.1.6,UDP,1392,443  >  52039 Len=1350,,,,,,,,,,,,,,,,,,,
277,3.689636,118.98.109.81,192.168.1.6,UDP,1392,443  >  52039 Len=1350,,,,,,,,,,,,,,,,,,,
278,3.689636,118.98.109.81,192.168.1.6,UDP,1392,443  >  52039 Len=1350,,,,,,,,,,,,,,,,,,,
279,3.689636,118.98.109.81,192.168.1.6,UDP,1392,443  >  52039 Len=1350,,,,,,,,,,,,,,,,,,,
280,3.689636,118.98.109.81,192.168.1.6,UDP,1392,443  >  52039 Len=1350,,,,,,,,,,,,,,,,,,,
281,3.689636,118.98.109.81,192.168.1.6,UDP,1392,443  >  52039 Len=1350,,,,,,,,,,,,,,,,,,,
282,3.689636,118.98.109.81,192.168.1.6,UDP,1392,443  >  52039 Len=1350,,,,,,,,,,,,,,,,,,,
283,3.689636,118.98.109.81,192.168.1.6,UDP,1392,443  >  52039 Len=1350,,,,,,,,,,,,,,,,,,,
284,3.690799,192.168.1.6,118.98.109.81,UDP,75,52039  >  443 Len=33,,,,,,,,,,,,,,,,,,,
285,3.69196,118.98.109.81,192.168.1.6,UDP,1392,443  >  52039 Len=1350,,,,,,,,,,,,,,,,,,,
286,3.69196,118.98.109.81,192.168.1.6,UDP,1392,443  >  52039 Len=1350,,,,,,,,,,,,,,,,,,,
287,3.69196,118.98.109.81,192.168.1.6,UDP,1392,443  >  52039 Len=1350,,,,,,,,,,,,,,,,,,,
288,3.69196,118.98.109.81,192.168.1.6,UDP,1392,443  >  52039 Len=1350,,,,,,,,,,,,,,,,,,,
289,3.69196,118.98.109.81,192.168.1.6,UDP,1392,443  >  52039 Len=1350,,,,,,,,,,,,,,,,,,,
290,3.69196,118.98.109.81,192.168.1.6,UDP,1392,443  >  52039 Len=1350,,,,,,,,,,,,,,,,,,,
291,3.69196,118.98.109.81,192.168.1.6,UDP,1392,443  >  52039 Len=1350,,,,,,,,,,,,,,,,,,,
292,3.69196,118.98.109.81,192.168.1.6,UDP,1392,443  >  52039 Len=1350,,,,,,,,,,,,,,,,,,,
293,3.69196,118.98.109.81,192.168.1.6,UDP,1392,443  >  52039 Len=1350,,,,,,,,,,,,,,,,,,,
294,3.69196,118.98.109.81,192.168.1.6,UDP,1392,443  >  52039 Len=1350,,,,,,,,,,,,,,,,,,,
295,3.692636,118.98.109.81,192.168.1.6,UDP,1392,443  >  52039 Len=1350,,,,,,,,,,,,,,,,,,,
296,3.692636,118.98.109.81,192.168.1.6,UDP,1392,443  >  52039 Len=1350,,,,,,,,,,,,,,,,,,,
297,3.69326,192.168.1.6,118.98.109.81,UDP,75,52039  >  443 Len=33,,,,,,,,,,,,,,,,,,,
298,3.694179,192.168.1.6,118.98.109.81,UDP,75,52039  >  443 Len=33,,,,,,,,,,,,,,,,,,,
299,3.694305,118.98.109.81,192.168.1.6,UDP,1392,443  >  52039 Len=1350,,,,,,,,,,,,,,,,,,,
300,3.694305,118.98.109.81,192.168.1.6,UDP,1392,443  >  52039 Len=1350,,,,,,,,,,,,,,,,,,,
301,3.694305,118.98.109.81,192.168.1.6,UDP,1392,443  >  52039 Len=1350,,,,,,,,,,,,,,,,,,,
302,3.694305,118.98.109.81,192.168.1.6,UDP,1392,443  >  52039 Len=1350,,,,,,,,,,,,,,,,,,,
303,3.694305,118.98.109.81,192.168.1.6,UDP,1392,443  >  52039 Len=1350,,,,,,,,,,,,,,,,,,,
304,3.694305,118.98.109.81,192.168.1.6,UDP,1392,443  >  52039 Len=1350,,,,,,,,,,,,,,,,,,,
305,3.694305,118.98.109.81,192.168.1.6,UDP,1392,443  >  52039 Len=1350,,,,,,,,,,,,,,,,,,,
306,3.694305,118.98.109.81,192.168.1.6,UDP,1392,443  >  52039 Len=1350,,,,,,,,,,,,,,,,,,,
307,3.694305,118.98.109.81,192.168.1.6,UDP,1392,443  >  52039 Len=1350,,,,,,,,,,,,,,,,,,,
308,3.69515,192.168.1.6,118.98.109.81,UDP,75,52039  >  443 Len=33,,,,,,,,,,,,,,,,,,,
309,3.696263,118.98.109.81,192.168.1.6,UDP,1392,443  >  52039 Len=1350,,,,,,,,,,,,,,,,,,,
310,3.696263,118.98.109.81,192.168.1.6,UDP,1392,443  >  52039 Len=1350,,,,,,,,,,,,,,,,,,,
311,3.696263,118.98.109.81,192.168.1.6,UDP,1392,443  >  52039 Len=1350,,,,,,,,,,,,,,,,,,,
312,3.696263,118.98.109.81,192.168.1.6,UDP,1392,443  >  52039 Len=1350,,,,,,,,,,,,,,,,,,,
313,3.696263,118.98.109.81,192.168.1.6,UDP,1392,443  >  52039 Len=1350,,,,,,,,,,,,,,,,,,,
314,3.696263,118.98.109.81,192.168.1.6,UDP,1392,443  >  52039 Len=1350,,,,,,,,,,,,,,,,,,,
315,3.696263,118.98.109.81,192.168.1.6,UDP,1392,443  >  52039 Len=1350,,,,,,,,,,,,,,,,,,,
316,3.696263,118.98.109.81,192.168.1.6,UDP,1392,443  >  52039 Len=1350,,,,,,,,,,,,,,,,,,,
317,3.696263,118.98.109.81,192.168.1.6,UDP,1392,443  >  52039 Len=1350,,,,,,,,,,,,,,,,,,,
318,3.696263,118.98.109.81,192.168.1.6,UDP,1392,443  >  52039 Len=1350,,,,,,,,,,,,,,,,,,,
319,3.696326,192.168.1.6,118.98.109.81,UDP,75,52039  >  443 Len=33,,,,,,,,,,,,,,,,,,,
320,3.696918,192.168.1.6,118.98.109.81,UDP,75,52039  >  443 Len=33,,,,,,,,,,,,,,,,,,,
321,3.700876,118.98.109.81,192.168.1.6,UDP,1392,443  >  52039 Len=1350,,,,,,,,,,,,,,,,,,,
322,3.700876,118.98.109.81,192.168.1.6,UDP,1392,443  >  52039 Len=1350,,,,,,,,,,,,,,,,,,,
323,3.700876,118.98.109.81,192.168.1.6,UDP,1392,443  >  52039 Len=1350,,,,,,,,,,,,,,,,,,,
324,3.700876,118.98.109.81,192.168.1.6,UDP,1392,443  >  52039 Len=1350,,,,,,,,,,,,,,,,,,,
325,3.700876,118.98.109.81,192.168.1.6,UDP,1392,443  >  52039 Len=1350,,,,,,,,,,,,,,,,,,,
326,3.700876,118.98.109.81,192.168.1.6,UDP,1392,443  >  52039 Len=1350,,,,,,,,,,,,,,,,,,,
327,3.701816,118.98.109.81,192.168.1.6,UDP,1392,443  >  52039 Len=1350,,,,,,,,,,,,,,,,,,,
328,3.701816,118.98.109.81,192.168.1.6,UDP,1392,443  >  52039 Len=1350,,,,,,,,,,,,,,,,,,,
329,3.701816,118.98.109.81,192.168.1.6,UDP,1392,443  >  52039 Len=1350,,,,,,,,,,,,,,,,,,,
330,3.701816,118.98.109.81,192.168.1.6,UDP,1392,443  >  52039 Len=1350,,,,,,,,,,,,,,,,,,,
331,3.701816,118.98.109.81,192.168.1.6,UDP,1392,443  >  52039 Len=1350,,,,,,,,,,,,,,,,,,,
332,3.702099,192.168.1.6,118.98.109.81,UDP,75,52039  >  443 Len=33,,,,,,,,,,,,,,,,,,,
333,3.703722,192.168.1.6,118.98.109.81,UDP,75,52039  >  443 Len=33,,,,,,,,,,,,,,,,,,,
334,3.703823,118.98.109.81,192.168.1.6,UDP,1392,443  >  52039 Len=1350,,,,,,,,,,,,,,,,,,,
335,3.703823,118.98.109.81,192.168.1.6,UDP,1392,443  >  52039 Len=1350,,,,,,,,,,,,,,,,,,,
336,3.703823,118.98.109.81,192.168.1.6,UDP,1392,443  >  52039 Len=1350,,,,,,,,,,,,,,,,,,,
337,3.703823,118.98.109.81,192.168.1.6,UDP,1392,443  >  52039 Len=1350,,,,,,,,,,,,,,,,,,,
338,3.703823,118.98.109.81,192.168.1.6,UDP,1392,443  >  52039 Len=1350,,,,,,,,,,,,,,,,,,,
339,3.703823,118.98.109.81,192.168.1.6,UDP,1392,443  >  52039 Len=1350,,,,,,,,,,,,,,,,,,,
340,3.703823,118.98.109.81,192.168.1.6,UDP,1392,443  >  52039 Len=1350,,,,,,,,,,,,,,,,,,,
341,3.703823,118.98.109.81,192.168.1.6,UDP,1392,443  >  52039 Len=1350,,,,,,,,,,,,,,,,,,,
342,3.703823,118.98.109.81,192.168.1.6,UDP,1392,443  >  52039 Len=1350,,,,,,,,,,,,,,,,,,,
343,3.703823,118.98.109.81,192.168.1.6,UDP,1392,443  >  52039 Len=1350,,,,,,,,,,,,,,,,,,,
344,3.704411,192.168.1.6,118.98.109.81,UDP,75,52039  >  443 Len=33,,,,,,,,,,,,,,,,,,,
345,3.705905,118.98.109.81,192.168.1.6,UDP,1392,443  >  52039 Len=1350,,,,,,,,,,,,,,,,,,,
346,3.705905,118.98.109.81,192.168.1.6,UDP,1392,443  >  52039 Len=1350,,,,,,,,,,,,,,,,,,,
347,3.705905,118.98.109.81,192.168.1.6,UDP,1392,443  >  52039 Len=1350,,,,,,,,,,,,,,,,,,,
348,3.705905,118.98.109.81,192.168.1.6,UDP,1392,443  >  52039 Len=1350,,,,,,,,,,,,,,,,,,,
349,3.705905,118.98.109.81,192.168.1.6,UDP,1392,443  >  52039 Len=1350,,,,,,,,,,,,,,,,,,,
350,3.705905,118.98.109.81,192.168.1.6,UDP,1392,443  >  52039 Len=1350,,,,,,,,,,,,,,,,,,,
351,3.705905,118.98.109.81,192.168.1.6,UDP,1392,443  >  52039 Len=1350,,,,,,,,,,,,,,,,,,,
352,3.705905,118.98.109.81,192.168.1.6,UDP,1392,443  >  52039 Len=1350,,,,,,,,,,,,,,,,,,,
353,3.705905,118.98.109.81,192.168.1.6,UDP,1298,443  >  52039 Len=1256,,,,,,,,,,,,,,,,,,,
354,3.705905,118.98.109.81,192.168.1.6,UDP,69,443  >  52039 Len=27,,,,,,,,,,,,,,,,,,,
355,3.706629,192.168.1.6,118.98.109.81,UDP,75,52039  >  443 Len=33,,,,,,,,,,,,,,,,,,,
356,3.706788,54.169.195.247,192.168.1.6,TLSv1.3,133,Application Data,,,,,,,,,,,,,,,,,,,
357,3.706788,54.169.195.247,192.168.1.6,TLSv1.3,133,Application Data,,,,,,,,,,,,,,,,,,,
358,3.706788,54.169.195.247,192.168.1.6,TCP,56,443  >  52358 [ACK] Seq=3680 Ack=1261 Win=68608 Len=0,,,,,,,,,,,,,,,,,,,
359,3.706788,54.169.195.247,192.168.1.6,TCP,56,443  >  52358 [ACK] Seq=3680 Ack=2697 Win=71680 Len=0,,,,,,,,,,,,,,,,,,,
360,3.706885,192.168.1.6,54.169.195.247,TCP,54,52358  >  443 [ACK] Seq=10409 Ack=3680 Win=131072 Len=0,,,,,,,,,,,,,,,,,,,
361,3.707295,54.169.195.247,192.168.1.6,TCP,56,443  >  52358 [ACK] Seq=3680 Ack=4133 Win=73728 Len=0,,,,,,,,,,,,,,,,,,,
362,3.708747,54.169.195.247,192.168.1.6,TCP,56,443  >  52358 [ACK] Seq=3680 Ack=5569 Win=76800 Len=0,,,,,,,,,,,,,,,,,,,
363,3.709961,fe80::1,fe80::3dfb:9bbe:e62a:b882,DNS,161,Standard query response 0x5af9 A avatars2.githubusercontent.com CNAME github.map.fastly.net A 151.101.8.133,,,,,,,,,,,,,,,,,,,
364,3.709961,54.169.195.247,192.168.1.6,TCP,56,443  >  52358 [ACK] Seq=3680 Ack=7005 Win=79872 Len=0,,,,,,,,,,,,,,,,,,,
365,3.710708,54.169.195.247,192.168.1.6,TCP,56,443  >  52358 [ACK] Seq=3680 Ack=8441 Win=82944 Len=0,,,,,,,,,,,,,,,,,,,
366,3.7112,54.169.195.247,192.168.1.6,TCP,56,443  >  52358 [ACK] Seq=3680 Ack=9877 Win=86016 Len=0,,,,,,,,,,,,,,,,,,,
367,3.713207,54.169.195.247,192.168.1.6,TCP,56,443  >  52358 [ACK] Seq=3680 Ack=10409 Win=89088 Len=0,,,,,,,,,,,,,,,,,,,
368,3.713411,185.199.108.154,192.168.1.6,TCP,56,443  >  52351 [ACK] Seq=1499 Ack=1061 Win=31744 Len=0,,,,,,,,,,,,,,,,,,,
369,3.834985,52.74.223.119,192.168.1.6,TLSv1.3,1446,Application Data,,,,,,,,,,,,,,,,,,,
370,3.834985,52.74.223.119,192.168.1.6,TLSv1.3,361,Application Data,,,,,,,,,,,,,,,,,,,
371,3.835136,192.168.1.6,52.74.223.119,TCP,54,52352  >  443 [ACK] Seq=2443 Ack=5380 Win=132096 Len=0,,,,,,,,,,,,,,,,,,,
372,3.870609,fe80::3dfb:9bbe:e62a:b882,fe80::1,DNS,96,Standard query 0x710e A alive.github.com,,,,,,,,,,,,,,,,,,,
373,3.901858,192.168.1.6,192.168.1.1,DNS,76,Standard query 0x710e A alive.github.com,,,,,,,,,,,,,,,,,,,
374,3.939929,52.74.223.119,192.168.1.6,TLSv1.3,1446,Application Data,,,,,,,,,,,,,,,,,,,
375,3.939929,52.74.223.119,192.168.1.6,TLSv1.3,1446,Application Data,,,,,,,,,,,,,,,,,,,
376,3.939929,52.74.223.119,192.168.1.6,TLSv1.3,519,Application Data,,,,,,,,,,,,,,,,,,,
377,3.940062,192.168.1.6,52.74.223.119,TCP,54,52356  >  443 [ACK] Seq=2472 Ack=3573 Win=132096 Len=0,,,,,,,,,,,,,,,,,,,
378,3.948977,fe80::1,fe80::3dfb:9bbe:e62a:b882,DNS,131,Standard query response 0x710e A alive.github.com CNAME live.github.com A 140.82.114.25,,,,,,,,,,,,,,,,,,,
379,3.950042,192.168.1.6,140.82.114.25,TCP,66,52359  >  443 [SYN] Seq=0 Win=64240 Len=0 MSS=1460 WS=256 SACK_PERM=1,,,,,,,,,,,,,,,,,,,
380,3.995984,fe80::1,fe80::3dfb:9bbe:e62a:b882,DNS,339,Standard query response 0xbc3a A collector.githubapp.com CNAME analytics-collector-28944298.us-east-1.elb.amazonaws.com A 54.174.34.153 A 52.206.77.241 NS ns-1119.awsdns-11.org NS ns-1793.awsdns-32.co.uk NS ns-235.awsdns-29.com NS ns-934.awsdns-52.net,,,,,,,,,,,,,,,,,,,
381,4.000711,192.168.1.6,54.174.34.153,TCP,66,52360  >  443 [SYN] Seq=0 Win=64240 Len=0 MSS=1460 WS=256 SACK_PERM=1,,,,,,,,,,,,,,,,,,,
382,4.030815,52.74.223.119,192.168.1.6,TLSv1.3,1446,Application Data,,,,,,,,,,,,,,,,,,,
383,4.030815,52.74.223.119,192.168.1.6,TLSv1.3,1446,Application Data,,,,,,,,,,,,,,,,,,,
384,4.030815,52.74.223.119,192.168.1.6,TLSv1.3,514,Application Data,,,,,,,,,,,,,,,,,,,
385,4.030988,192.168.1.6,52.74.223.119,TCP,54,52357  >  443 [ACK] Seq=2461 Ack=6925 Win=132096 Len=0,,,,,,,,,,,,,,,,,,,
386,4.136475,192.168.1.6,54.174.34.153,TCP,66,52361  >  443 [SYN] Seq=0 Win=64240 Len=0 MSS=1460 WS=256 SACK_PERM=1,,,,,,,,,,,,,,,,,,,
387,4.214543,140.82.114.25,192.168.1.6,TCP,66,"443  >  52359 [SYN, ACK] Seq=0 Ack=1 Win=65535 Len=0 MSS=1436 SACK_PERM=1 WS=1024",,,,,,,,,,,,,,,,,,,
388,4.214818,192.168.1.6,140.82.114.25,TCP,54,52359  >  443 [ACK] Seq=1 Ack=1 Win=132096 Len=0,,,,,,,,,,,,,,,,,,,
389,4.215706,192.168.1.6,140.82.114.25,TLSv1.3,571,Client Hello,,,,,,,,,,,,,,,,,,,
390,4.249693,54.174.34.153,192.168.1.6,TCP,58,"443  >  52360 [SYN, ACK] Seq=0 Ack=1 Win=26883 Len=0 MSS=1452",,,,,,,,,,,,,,,,,,,
391,4.249932,192.168.1.6,54.174.34.153,TCP,54,52360  >  443 [ACK] Seq=1 Ack=1 Win=64240 Len=0,,,,,,,,,,,,,,,,,,,
392,4.250909,192.168.1.6,54.174.34.153,TLSv1.2,571,Client Hello,,,,,,,,,,,,,,,,,,,
393,4.393405,54.174.34.153,192.168.1.6,TCP,66,"443  >  52361 [SYN, ACK] Seq=0 Ack=1 Win=26883 Len=0 MSS=1452 SACK_PERM=1 WS=256",,,,,,,,,,,,,,,,,,,
394,4.393583,192.168.1.6,54.174.34.153,TCP,54,52361  >  443 [ACK] Seq=1 Ack=1 Win=132096 Len=0,,,,,,,,,,,,,,,,,,,
395,4.394257,192.168.1.6,54.174.34.153,TLSv1.2,571,Client Hello,,,,,,,,,,,,,,,,,,,
396,4.457875,54.169.195.247,192.168.1.6,TLSv1.3,1086,Application Data,,,,,,,,,,,,,,,,,,,
397,4.483086,140.82.114.25,192.168.1.6,TLSv1.3,1490,"Server Hello, Change Cipher Spec, Application Data",,,,,,,,,,,,,,,,,,,
398,4.483086,140.82.114.25,192.168.1.6,TCP,1490,443  >  52359 [ACK] Seq=1437 Ack=518 Win=67584 Len=1436 [TCP segment of a reassembled PDU],,,,,,,,,,,,,,,,,,,
399,4.483086,140.82.114.25,192.168.1.6,TLSv1.3,688,"Application Data, Application Data, Application Data",,,,,,,,,,,,,,,,,,,
400,4.483261,192.168.1.6,140.82.114.25,TCP,54,52359  >  443 [ACK] Seq=518 Ack=3507 Win=132096 Len=0,,,,,,,,,,,,,,,,,,,
401,4.485153,192.168.1.6,140.82.114.25,TLSv1.3,118,"Change Cipher Spec, Application Data",,,,,,,,,,,,,,,,,,,
402,4.48571,192.168.1.6,140.82.114.25,TLSv1.3,939,Application Data,,,,,,,,,,,,,,,,,,,
403,4.498205,54.174.34.153,192.168.1.6,TCP,54,443  >  52360 [ACK] Seq=1 Ack=518 Win=29480 Len=0,,,,,,,,,,,,,,,,,,,
404,4.49877,192.168.1.6,54.169.195.247,TCP,54,52358  >  443 [ACK] Seq=10409 Ack=4712 Win=132096 Len=0,,,,,,,,,,,,,,,,,,,
405,4.501581,54.174.34.153,192.168.1.6,TLSv1.2,1494,Server Hello,,,,,,,,,,,,,,,,,,,
406,4.501581,54.174.34.153,192.168.1.6,TCP,1494,443  >  52360 [ACK] Seq=1441 Ack=518 Win=29480 Len=1440 [TCP segment of a reassembled PDU],,,,,,,,,,,,,,,,,,,
407,4.501581,54.174.34.153,192.168.1.6,TLSv1.2,603,"Certificate, Server Key Exchange, Server Hello Done",,,,,,,,,,,,,,,,,,,
408,4.50175,192.168.1.6,54.174.34.153,TCP,54,52360  >  443 [ACK] Seq=518 Ack=3430 Win=65340 Len=0,,,,,,,,,,,,,,,,,,,
409,4.503825,192.168.1.6,54.174.34.153,TLSv1.2,180,"Client Key Exchange, Change Cipher Spec, Encrypted Handshake Message",,,,,,,,,,,,,,,,,,,
410,4.546231,52.74.223.119,192.168.1.6,TLSv1.3,1446,Application Data,,,,,,,,,,,,,,,,,,,
411,4.546231,52.74.223.119,192.168.1.6,TLSv1.3,1446,Application Data,,,,,,,,,,,,,,,,,,,
412,4.546231,52.74.223.119,192.168.1.6,TLSv1.3,470,Application Data,,,,,,,,,,,,,,,,,,,
413,4.546328,192.168.1.6,52.74.223.119,TCP,54,52353  >  443 [ACK] Seq=4541 Ack=29324 Win=132096 Len=0,,,,,,,,,,,,,,,,,,,
414,4.651626,54.174.34.153,192.168.1.6,TCP,54,443  >  52361 [ACK] Seq=1 Ack=518 Win=28160 Len=0,,,,,,,,,,,,,,,,,,,
415,4.654829,54.174.34.153,192.168.1.6,TLSv1.2,1506,Server Hello,,,,,,,,,,,,,,,,,,,
416,4.65544,54.174.34.153,192.168.1.6,TCP,1506,443  >  52361 [ACK] Seq=1453 Ack=518 Win=28160 Len=1452 [TCP segment of a reassembled PDU],,,,,,,,,,,,,,,,,,,
417,4.65544,54.174.34.153,192.168.1.6,TLSv1.2,579,"Certificate, Server Key Exchange, Server Hello Done",,,,,,,,,,,,,,,,,,,
418,4.655624,192.168.1.6,54.174.34.153,TCP,54,52361  >  443 [ACK] Seq=518 Ack=3430 Win=132096 Len=0,,,,,,,,,,,,,,,,,,,
419,4.658474,192.168.1.6,54.174.34.153,TLSv1.2,180,"Client Key Exchange, Change Cipher Spec, Encrypted Handshake Message",,,,,,,,,,,,,,,,,,,
420,4.690272,192.168.1.6,185.199.108.154,TCP,55,52252  >  443 [ACK] Seq=1 Ack=1 Win=8383 Len=1 [TCP segment of a reassembled PDU],,,,,,,,,,,,,,,,,,,
421,4.710516,185.199.108.154,192.168.1.6,TCP,66,443  >  52252 [ACK] Seq=1 Ack=2 Win=66 Len=0 SLE=1 SRE=2,,,,,,,,,,,,,,,,,,,
422,4.749262,140.82.114.25,192.168.1.6,TLSv1.3,133,Application Data,,,,,,,,,,,,,,,,,,,
423,4.749262,140.82.114.25,192.168.1.6,TLSv1.3,133,Application Data,,,,,,,,,,,,,,,,,,,
424,4.749411,192.168.1.6,140.82.114.25,TCP,54,52359  >  443 [ACK] Seq=1467 Ack=3665 Win=131840 Len=0,,,,,,,,,,,,,,,,,,,
425,4.750911,54.174.34.153,192.168.1.6,TLSv1.2,105,"Change Cipher Spec, Encrypted Handshake Message",,,,,,,,,,,,,,,,,,,
426,4.751638,192.168.1.6,54.174.34.153,TCP,1506,52360  >  443 [ACK] Seq=644 Ack=3481 Win=65289 Len=1452 [TCP segment of a reassembled PDU],,,,,,,,,,,,,,,,,,,
427,4.751638,192.168.1.6,54.174.34.153,TLSv1.2,176,Application Data,,,,,,,,,,,,,,,,,,,
428,4.753261,140.82.114.25,192.168.1.6,TLSv1.3,590,Application Data,,,,,,,,,,,,,,,,,,,
429,4.755926,192.168.1.6,140.82.114.25,TLSv1.3,243,Application Data,,,,,,,,,,,,,,,,,,,
430,4.916118,54.174.34.153,192.168.1.6,TLSv1.2,105,"Change Cipher Spec, Encrypted Handshake Message",,,,,,,,,,,,,,,,,,,
431,4.960064,192.168.1.6,54.174.34.153,TCP,54,52361  >  443 [ACK] Seq=644 Ack=3481 Win=131840 Len=0,,,,,,,,,,,,,,,,,,,
432,5.001279,54.174.34.153,192.168.1.6,TCP,56,443  >  52360 [ACK] Seq=3481 Ack=2218 Win=31944 Len=0,,,,,,,,,,,,,,,,,,,
433,5.004292,54.174.34.153,192.168.1.6,TLSv1.2,739,Application Data,,,,,,,,,,,,,,,,,,,
434,5.020594,140.82.114.25,192.168.1.6,TLSv1.3,127,Application Data,,,,,,,,,,,,,,,,,,,
435,5.0451,192.168.1.6,54.174.34.153,TCP,54,52360  >  443 [ACK] Seq=2218 Ack=4166 Win=64604 Len=0,,,,,,,,,,,,,,,,,,,
436,5.060112,192.168.1.6,140.82.114.25,TCP,54,52359  >  443 [ACK] Seq=1656 Ack=4274 Win=131328 Len=0,,,,,,,,,,,,,,,,,,,
437,5.305391,69.171.250.60,192.168.1.6,TLSv1.2,439,Application Data,,,,,,,,,,,,,,,,,,,
438,5.34628,192.168.1.6,69.171.250.60,TCP,54,51962  >  443 [ACK] Seq=1 Ack=386 Win=516 Len=0,,,,,,,,,,,,,,,,,,,
